<?xml version="1.0" encoding="UTF-8" ?>
<!DOCTYPE mapper PUBLIC "-//mybatis.org//DTD Mapper 3.0//EN" "http://mybatis.org/dtd/mybatis-3-mapper.dtd">
<mapper namespace="com.hungta.dao.AuthorityDao">

    <cache/>

    <resultMap id="BaseResultMap" type="com.hungta.entity.Authority">
        <id column="id" jdbcType="INTEGER" property="id" />
        <result column="name" jdbcType="VARCHAR" property="name" />
    </resultMap>

    <sql id="Base_Column_List" >
        id, name
    </sql>

    <select id="findAll" resultType="User">
        SELECT
        <include refid="Base_Column_List" />
        FROM authority
    </select>


    <select id="findByUserId" resultMap="BaseResultMap" parameterType="java.lang.Long" >
        select
        <include refid="Base_Column_List" />
        from authority
        where id in
        (select authority_id from user_authority where user_id = #{id})
    </select>



</mapper>